Business Unit Management;Business Unit Management BOM;https://bian.org/servicelandscape-12-0-0/views/view_39226.html
Card Authorization;Card Authorization BOM;https://bian.org/servicelandscape-12-0-0/views/view_43062.html
Card Case;Card Case BOM;https://bian.org/servicelandscape-12-0-0/views/view_29992.html
Card Clearing;Card Clearing BOM;https://bian.org/servicelandscape-12-0-0/views/view_33200.html
Card Collections;Card Collections BOM;https://bian.org/servicelandscape-12-0-0/views/view_28860.html
Card eCommerce Gateway;Card eCommerce Gateway BOM;https://bian.org/servicelandscape-12-0-0/views/view_29752.html
Card Financial Settlement;Card Financial Settlement BOM;https://bian.org/servicelandscape-12-0-0/views/view_45910.html
Card Network Participant Facility;Card Network Participant Facility BOM;https://bian.org/servicelandscape-12-0-0/views/view_40428.html
Card Terminal Administration;Card Terminal Administration BOM;https://bian.org/servicelandscape-12-0-0/views/view_42142.html
Card Terminal Operation;Card Terminal Operation BOM;https://bian.org/servicelandscape-12-0-0/views/view_40308.html
Card Transaction Capture;Card Transaction Capture BOM;https://bian.org/servicelandscape-12-0-0/views/view_53619.html
Card Transaction Switch;Card Transaction Switch BOM;https://bian.org/servicelandscape-12-0-0/views/view_38777.html
Case Root Cause Analysis;Case Root Cause Analysis BOM;https://bian.org/servicelandscape-12-0-0/views/view_53086.html
Cash Concentration;Cash Concentration BOM;https://bian.org/servicelandscape-12-0-0/views/view_39069.html
Cash Management And Account Services;Cash Management And Account Services BOM;https://bian.org/servicelandscape-12-0-0/views/view_33637.html
Central Cash Handling;Central Cash Handling BOM;https://bian.org/servicelandscape-12-0-0/views/view_53616.html
Collateral Allocation Management;Collateral Allocation Management BOM;https://bian.org/servicelandscape-12-0-0/views/view_40533.html
Collateral Asset Administration;Collateral Asset Administration BOM;https://bian.org/servicelandscape-12-0-0/views/view_37204.html
Collections;Collections BOM;https://bian.org/servicelandscape-12-0-0/views/view_53219.html
Commission Agreement;Commission Agreement BOM;https://bian.org/servicelandscape-12-0-0/views/view_53844.html
Commissions;Commissions BOM;https://bian.org/servicelandscape-12-0-0/views/view_53246.html
Competitor Analysis;Competitor Analysis BOM;https://bian.org/servicelandscape-12-0-0/views/view_38983.html
Compliance Reporting;Compliance Reporting BOM;https://bian.org/servicelandscape-12-0-0/views/view_53543.html
Consumer Advisory Services;Consumer Advisory Services BOM;https://bian.org/servicelandscape-12-0-0/views/view_40219.html
Consumer Investments;Consumer Investments BOM;https://bian.org/servicelandscape-12-0-0/views/view_34743.html
Consumer Loan;Consumer Loan BOM;https://bian.org/servicelandscape-12-0-0/views/view_33221.html
Contact Center Management;Contact Center Management BOM;https://bian.org/servicelandscape-12-0-0/views/view_47491.html
Contact Center Operations;Contact Center Operations BOM;https://bian.org/servicelandscape-12-0-0/views/view_32320.html
Contact Handler;Contact Handler BOM;https://bian.org/servicelandscape-12-0-0/views/view_30865.html
Contact Routing;Contact Routing BOM;https://bian.org/servicelandscape-12-0-0/views/view_30412.html
Contractor and Supplier Agreement;Contractor and Supplier Agreement BOM;https://bian.org/servicelandscape-12-0-0/views/view_53943.html
Corporate Action;Corporate Action BOM;https://bian.org/servicelandscape-12-0-0/views/view_53532.html
Corporate Current Account;Corporate Current Account BOM;https://bian.org/servicelandscape-12-0-0/views/view_46077.html
Corporate Finance;Corporate Finance BOM;https://bian.org/servicelandscape-12-0-0/views/view_53446.html
Corporate Lease;Corporate Lease BOM;https://bian.org/servicelandscape-12-0-0/views/view_53790.html
Corporate Loan;Corporate Loan BOM;https://bian.org/servicelandscape-12-0-0/views/view_40103.html
Corporate Payroll Services;Corporate Payroll Services BOM;https://bian.org/servicelandscape-12-0-0/views/view_45822.html
Corporate Tax Advisory;Corporate Tax Advisory BOM;https://bian.org/servicelandscape-12-0-0/views/view_35563.html
Corporate Treasury;Corporate Treasury BOM;https://bian.org/servicelandscape-12-0-0/views/view_37293.html
Corporate Trust Services;Corporate Trust Services BOM;https://bian.org/servicelandscape-12-0-0/views/view_53648.html
Correspondence;Correspondence BOM;https://bian.org/servicelandscape-12-0-0/views/view_40210.html
Correspondent Bank Directory;Correspondent Bank Directory BOM;https://bian.org/servicelandscape-12-0-0/views/view_30268.html
Correspondent Bank Operations;Correspondent Bank Operations BOM;https://bian.org/servicelandscape-12-0-0/views/view_31663.html
Correspondent Bank Relationship Management;Correspondent Bank Relationship Management BOM;https://bian.org/servicelandscape-12-0-0/views/view_53260.html
Counterparty Administration;Counterparty Administration BOM;https://bian.org/servicelandscape-12-0-0/views/view_53416.html
Credit Card Position Keeping;Credit Card Position Keeping BOM;https://bian.org/servicelandscape-12-0-0/views/view_44277.html
Credit Card;Credit Card BOM;https://bian.org/servicelandscape-12-0-0/views/view_46654.html
Credit Facility;Credit Facility BOM;https://bian.org/servicelandscape-12-0-0/views/view_46339.html
Credit Management;Credit Management BOM;https://bian.org/servicelandscape-12-0-0/views/view_41972.html
Credit Risk Models;Credit Risk Models BOM;https://bian.org/servicelandscape-12-0-0/views/view_53925.html
Credit Risk Operations;Credit Risk Operations BOM;https://bian.org/servicelandscape-12-0-0/views/view_53163.html
Currency Exchange;Currency Exchange BOM;https://bian.org/servicelandscape-12-0-0/views/view_53535.html
Current Account;Current Account BOM;https://bian.org/servicelandscape-12-0-0/views/view_29387.html
Custody Administration;Custody Administration BOM;https://bian.org/servicelandscape-12-0-0/views/view_53472.html
Customer Access Entitlement;Customer Access Entitlement BOM;https://bian.org/servicelandscape-12-0-0/views/view_36517.html
Customer Agreement;Customer Agreement BOM;https://bian.org/servicelandscape-12-0-0/views/view_47447.html
Customer Behavior Insights;Customer Behavior Insights BOM;https://bian.org/servicelandscape-12-0-0/views/view_42850.html
Customer Behavior Models;Customer Behavior Models BOM;https://bian.org/servicelandscape-12-0-0/views/view_34821.html
Customer Billing;Customer Billing BOM;https://bian.org/servicelandscape-12-0-0/views/view_41909.html
Customer Campaign Design;Customer Campaign Design BOM;https://bian.org/servicelandscape-12-0-0/views/view_31285.html
Customer Campaign Execution;Customer Campaign Execution BOM;https://bian.org/servicelandscape-12-0-0/views/view_37146.html
Customer Campaign Management;Customer Campaign Management BOM;https://bian.org/servicelandscape-12-0-0/views/view_36992.html
Customer Case Management;Customer Case Management BOM;https://bian.org/servicelandscape-12-0-0/views/view_36239.html
Customer Case;Customer Case BOM;https://bian.org/servicelandscape-12-0-0/views/view_44158.html
Customer Credit Rating;Customer Credit Rating BOM;https://bian.org/servicelandscape-12-0-0/views/view_46769.html
Customer Event History;Customer Event History BOM;https://bian.org/servicelandscape-12-0-0/views/view_37076.html
Customer Offer;Customer Offer BOM;https://bian.org/servicelandscape-12-0-0/views/view_31898.html
Customer Portfolio;Customer Portfolio BOM;https://bian.org/servicelandscape-12-0-0/views/view_30815.html
Customer Position;Customer Position BOM;https://bian.org/servicelandscape-12-0-0/views/view_40685.html
Customer Product and Service Directory;Customer Product and Service Directory BOM;https://bian.org/servicelandscape-12-0-0/views/view_46626.html
Customer Product And Service Eligibility;Customer Product And Service Eligibility BOM;https://bian.org/servicelandscape-12-0-0/views/view_40364.html
Customer Proposition;Customer Proposition BOM;https://bian.org/servicelandscape-12-0-0/views/view_53931.html
Customer Relationship Management;Customer Relationship Management BOM;https://bian.org/servicelandscape-12-0-0/views/view_43313.html
Customer Surveys;Customer Surveys BOM;https://bian.org/servicelandscape-12-0-0/views/view_34214.html
Customer Tax Handling;Customer Tax Handling BOM;https://bian.org/servicelandscape-12-0-0/views/view_40865.html
Customer Workbench;Customer Workbench BOM;https://bian.org/servicelandscape-12-0-0/views/view_43859.html
Dealer Desk;Dealer Desk BOM;https://bian.org/servicelandscape-12-0-0/views/view_53570.html
Delinquent Account Handling;Delinquent Account Handling BOM;https://bian.org/servicelandscape-12-0-0/views/view_47666.html
Direct Debit Mandate;Direct Debit Mandate BOM;https://bian.org/servicelandscape-12-0-0/views/view_45934.html
Direct Debit;Direct Debit BOM;https://bian.org/servicelandscape-12-0-0/views/view_53696.html
Direct Debits Service;Direct Debits Service BOM;https://bian.org/servicelandscape-12-0-0/views/view_38718.html
Disbursement;Disbursement BOM;https://bian.org/servicelandscape-12-0-0/views/view_45759.html
Document Directory;Document Directory BOM;https://bian.org/servicelandscape-12-0-0/views/view_32239.html
Document Services;Document Services BOM;https://bian.org/servicelandscape-12-0-0/views/view_42705.html
eBranch Management;eBranch Management BOM;https://bian.org/servicelandscape-12-0-0/views/view_38833.html
eBranch Operations;eBranch Operations BOM;https://bian.org/servicelandscape-12-0-0/views/view_47290.html
ECM And DCM;ECM And DCM BOM;https://bian.org/servicelandscape-12-0-0/views/view_31859.html
Enterprise Architecture;Enterprise Architecture BOM;https://bian.org/servicelandscape-12-0-0/views/view_52982.html
eTrading Workbench;eTrading Workbench BOM;https://bian.org/servicelandscape-12-0-0/views/view_53707.html
Factoring;Factoring BOM;https://bian.org/servicelandscape-12-0-0/views/view_53192.html
Fiduciary Agreement;Fiduciary Agreement BOM;https://bian.org/servicelandscape-12-0-0/views/view_53688.html
Financial Accounting;Financial Accounting BOM;https://bian.org/servicelandscape-12-0-0/views/view_39720.html
Financial Gateway;Financial Gateway BOM;https://bian.org/servicelandscape-12-0-0/views/view_43423.html
Financial Instrument Reference Data Management;Financial Instrument Reference Data Management BOM;https://bian.org/servicelandscape-12-0-0/views/view_53887.html
Financial Instrument Valuation;Financial Instrument Valuation BOM;https://bian.org/servicelandscape-12-0-0/views/view_53704.html
Financial Market Analysis;Financial Market Analysis BOM;https://bian.org/servicelandscape-12-0-0/views/view_53522.html
Financial Market Research;Financial Market Research BOM;https://bian.org/servicelandscape-12-0-0/views/view_43005.html
Financial Statement Assessment;Financial Statement Assessment BOM;https://bian.org/servicelandscape-12-0-0/views/view_53562.html
Fraud Diagnosis;Fraud Diagnosis BOM;https://bian.org/servicelandscape-12-0-0/views/view_43997.html
Fraud Evaluation;Fraud Evaluation BOM;https://bian.org/servicelandscape-12-0-0/views/view_32878.html
Fraud Model;Fraud Model BOM;https://bian.org/servicelandscape-12-0-0/views/view_32220.html
Fraud Resolution;Fraud Resolution BOM;https://bian.org/servicelandscape-12-0-0/views/view_47180.html
Guideline Compliance;Guideline Compliance BOM;https://bian.org/servicelandscape-12-0-0/views/view_33481.html
Hedge Fund Administration;Hedge Fund Administration BOM;https://bian.org/servicelandscape-12-0-0/views/view_53801.html
Channel Activity Analysis;Channel Activity Analysis BOM;https://bian.org/servicelandscape-12-0-0/views/view_44171.html
Channel Activity History;Channel Activity History BOM;https://bian.org/servicelandscape-12-0-0/views/view_47235.html
Cheque Lock Box;Cheque Lock Box BOM;https://bian.org/servicelandscape-12-0-0/views/view_32359.html
Cheque Lock Box;Cheque Lock Box BOM;https://bian.org/servicelandscape-12-0-0/views/view_53714.html
Cheque Processing;Cheque Processing BOM;https://bian.org/servicelandscape-12-0-0/views/view_53676.html
Information Provider Operation;Information Provider Operation BOM;https://bian.org/servicelandscape-12-0-0/views/view_53729.html
Intellectual Property Portfolio;Intellectual Property Portfolio BOM;https://bian.org/servicelandscape-12-0-0/views/view_35429.html
Interactive Help;Interactive Help BOM;https://bian.org/servicelandscape-12-0-0/views/view_37522.html
Interbank Relationship Management;Interbank Relationship Management BOM;https://bian.org/servicelandscape-12-0-0/views/view_43580.html
Internal Audit;Internal Audit BOM;https://bian.org/servicelandscape-12-0-0/views/view_53483.html
Internal Bank Account;Internal Bank Account BOM;https://bian.org/servicelandscape-12-0-0/views/view_47238.html
Investment Account;Investment Account BOM;https://bian.org/servicelandscape-12-0-0/views/view_30633.html
Investment Portfolio Analysis;Investment Portfolio Analysis BOM;https://bian.org/servicelandscape-12-0-0/views/view_46166.html
Investment Portfolio Management;Investment Portfolio Management BOM;https://bian.org/servicelandscape-12-0-0/views/view_45014.html
Investment Portfolio Planning;Investment Portfolio Planning BOM;https://bian.org/servicelandscape-12-0-0/views/view_33723.html
Issued Device Administration;Issued Device Administration BOM;https://bian.org/servicelandscape-12-0-0/views/view_29920.html
Issued Device Tracking;Issued Device Tracking BOM;https://bian.org/servicelandscape-12-0-0/views/view_30615.html
IT Standards And Guidelines;IT Standards And Guidelines BOM;https://bian.org/servicelandscape-12-0-0/views/view_53365.html
Knowledge Exchange;Knowledge Exchange BOM;https://bian.org/servicelandscape-12-0-0/views/view_53957.html
Lead and Opportunity Management;Lead and Opportunity Management BOM;https://bian.org/servicelandscape-12-0-0/views/view_29790.html
Leasing Item Administration;Leasing Item Administration BOM;https://bian.org/servicelandscape-12-0-0/views/view_53009.html
Leasing;Leasing BOM;https://bian.org/servicelandscape-12-0-0/views/view_53723.html
Legal Advisory;Legal Advisory BOM;https://bian.org/servicelandscape-12-0-0/views/view_35453.html
Legal Compliance;Legal Compliance BOM;https://bian.org/servicelandscape-12-0-0/views/view_34091.html
Legal Entity Directory;Legal Entity Directory BOM;https://bian.org/servicelandscape-12-0-0/views/view_47977.html
Letter of Credit;Letter of Credit BOM;https://bian.org/servicelandscape-12-0-0/views/view_53214.html
Loan;Loan BOM;https://bian.org/servicelandscape-12-0-0/views/view_38260.html
Loan Syndication;Loan Syndication BOM;https://bian.org/servicelandscape-12-0-0/views/view_32454.html
Location Data Management;Location Data Management BOM;https://bian.org/servicelandscape-12-0-0/views/view_31057.html
Management Manual;Management Manual BOM;https://bian.org/servicelandscape-12-0-0/views/view_53049.html
Market Analysis;Market Analysis BOM;https://bian.org/servicelandscape-12-0-0/views/view_46640.html
Market Data Switch Operation;Market Data Switch Operation BOM;https://bian.org/servicelandscape-12-0-0/views/view_47075.html
Market Information Management;Market Information Management BOM;https://bian.org/servicelandscape-12-0-0/views/view_29373.html
Market Making;Market Making BOM;https://bian.org/servicelandscape-12-0-0/views/view_53753.html
Market Order Execution;Market Order Execution BOM;https://bian.org/servicelandscape-12-0-0/views/view_46703.html
Market Order;Market Order BOM;https://bian.org/servicelandscape-12-0-0/views/view_33002.html
Market Research;Market Research BOM;https://bian.org/servicelandscape-12-0-0/views/view_30737.html
Mergers and Acquisitions Advisory;Mergers and Acquisitions Advisory BOM;https://bian.org/servicelandscape-12-0-0/views/view_53667.html
Merchandising Loan;Merchandising Loan BOM;https://bian.org/servicelandscape-12-0-0/views/view_53610.html
Merchant Acquiring Facility;Merchant Acquiring Facility BOM;https://bian.org/servicelandscape-12-0-0/views/view_28740.html
Merchant Relations;Merchant Relations BOM;https://bian.org/servicelandscape-12-0-0/views/view_53057.html
Mortgage Loan;Mortgage Loan BOM;https://bian.org/servicelandscape-12-0-0/views/view_53037.html
Mutual Fund Administration;Mutual Fund Administration BOM;https://bian.org/servicelandscape-12-0-0/views/view_53828.html
Notional Pooling;Notional Pooling BOM;https://bian.org/servicelandscape-12-0-0/views/view_38997.html
Open Item Management;Open Item Management BOM;https://bian.org/servicelandscape-12-0-0/views/view_45430.html
Operational Gateway;Operational Gateway BOM;https://bian.org/servicelandscape-12-0-0/views/view_53781.html
Order Allocation;Order Allocation BOM;https://bian.org/servicelandscape-12-0-0/views/view_53063.html
Party Asset Directory;Party Asset Directory BOM;https://bian.org/servicelandscape-12-0-0/views/view_32085.html
Party Authentication;Party Authentication BOM;https://bian.org/servicelandscape-12-0-0/views/view_37777.html
Party Lifecycle Management;Party Lifecycle Management BOM;https://bian.org/servicelandscape-12-0-0/views/view_41963.html
Party Reference Data Directory;Party Reference Data Directory BOM;https://bian.org/servicelandscape-12-0-0/views/view_48737.html
Party Routing Profile;Party Routing Profile BOM;https://bian.org/servicelandscape-12-0-0/views/view_33104.html
Payment Execution;Payment Execution BOM;https://bian.org/servicelandscape-12-0-0/views/view_37510.html
Payment Initiation;Payment Initiation BOM;https://bian.org/servicelandscape-12-0-0/views/view_46403.html
Payment Instruction;Payment Instruction BOM;https://bian.org/servicelandscape-12-0-0/views/view_53171.html
Payment Order;Payment Order BOM;https://bian.org/servicelandscape-12-0-0/views/view_28713.html
Payment Rail Operations;Payment Rail Operations BOM;https://bian.org/servicelandscape-12-0-0/views/view_53590.html
Point of Service;Point of Service BOM;https://bian.org/servicelandscape-12-0-0/views/view_35415.html
Position Keeping;Position Keeping BOM;https://bian.org/servicelandscape-12-0-0/views/view_48677.html
Position Management;Position Management BOM;https://bian.org/servicelandscape-12-0-0/views/view_32646.html
Private Placement;Private Placement BOM;https://bian.org/servicelandscape-12-0-0/views/view_52998.html
Processing Order;Processing Order BOM;https://bian.org/servicelandscape-12-0-0/views/view_40275.html
Product Broker Agreement;Product Broker Agreement BOM;https://bian.org/servicelandscape-12-0-0/views/view_43845.html
Product Combination;Product Combination BOM;https://bian.org/servicelandscape-12-0-0/views/view_53916.html
Product Deployment;Product Deployment BOM;https://bian.org/servicelandscape-12-0-0/views/view_40916.html
Product Design;Product Design BOM;https://bian.org/servicelandscape-12-0-0/views/view_44766.html
Product Directory;Product Directory BOM;https://bian.org/servicelandscape-12-0-0/views/view_46199.html
Product Expert Sales Support;Product Expert Sales Support BOM;https://bian.org/servicelandscape-12-0-0/views/view_30158.html
Product Inventory Distribution;Product Inventory Distribution BOM;https://bian.org/servicelandscape-12-0-0/views/view_52977.html
Product Inventory Item Management;Product Inventory Item Management BOM;https://bian.org/servicelandscape-12-0-0/views/view_41639.html
Product Matching;Product Matching BOM;https://bian.org/servicelandscape-12-0-0/views/view_42617.html
Product Portfolio;Product Portfolio BOM;https://bian.org/servicelandscape-12-0-0/views/view_29070.html
Product Quality Assurance;Product Quality Assurance BOM;https://bian.org/servicelandscape-12-0-0/views/view_53346.html
Product Sales Support;Product Sales Support BOM;https://bian.org/servicelandscape-12-0-0/views/view_53546.html
Product Service Agency;Product Service Agency BOM;https://bian.org/servicelandscape-12-0-0/views/view_53106.html
Product Training;Product Training BOM;https://bian.org/servicelandscape-12-0-0/views/view_53199.html
Production Release;Production Release BOM;https://bian.org/servicelandscape-12-0-0/views/view_29482.html
Program Trading;Program Trading BOM;https://bian.org/servicelandscape-12-0-0/views/view_53373.html
Project Finance;Project Finance BOM;https://bian.org/servicelandscape-12-0-0/views/view_53831.html
Promotional Events;Promotional Events BOM;https://bian.org/servicelandscape-12-0-0/views/view_28925.html
Prospect Campaign Design;Prospect Campaign Design BOM;https://bian.org/servicelandscape-12-0-0/views/view_42405.html
Prospect Campaign Execution;Prospect Campaign Execution BOM;https://bian.org/servicelandscape-12-0-0/views/view_34097.html
Prospect Campaign Management;Prospect Campaign Management BOM;https://bian.org/servicelandscape-12-0-0/views/view_47107.html
Public Offering;Public Offering BOM;https://bian.org/servicelandscape-12-0-0/views/view_53699.html
Public Reference Data Management;Public Reference Data Management BOM;https://bian.org/servicelandscape-12-0-0/views/view_53862.html
Quote Management;Quote Management BOM;https://bian.org/servicelandscape-12-0-0/views/view_53133.html
Regulatory And Legal Authority;Regulatory And Legal Authority BOM;https://bian.org/servicelandscape-12-0-0/views/view_53083.html
Regulatory Compliance;Regulatory Compliance BOM;https://bian.org/servicelandscape-12-0-0/views/view_29168.html
Regulatory Reporting;Regulatory Reporting BOM;https://bian.org/servicelandscape-12-0-0/views/view_32073.html
Reward Points Account;Reward Points Account BOM;https://bian.org/servicelandscape-12-0-0/views/view_53502.html
Reward Points Awards And Redemption;Reward Points Awards And Redemption BOM;https://bian.org/servicelandscape-12-0-0/views/view_53352.html
Sales Product Agreement;Sales Product Agreement BOM;https://bian.org/servicelandscape-12-0-0/views/view_38449.html
Sales Product;Sales Product BOM;https://bian.org/servicelandscape-12-0-0/views/view_38089.html
Savings Account;Savings Account BOM;https://bian.org/servicelandscape-12-0-0/views/view_34354.html
Securities Fails Processing;Securities Fails Processing BOM;https://bian.org/servicelandscape-12-0-0/views/view_53043.html
Securities Position Keeping;Securities Position Keeping BOM;https://bian.org/servicelandscape-12-0-0/views/view_46347.html
Segment Direction;Segment Direction BOM;https://bian.org/servicelandscape-12-0-0/views/view_33720.html
Service Directory;Service Directory BOM;https://bian.org/servicelandscape-12-0-0/views/view_53046.html
Service Provider Operations;Service Provider Operations BOM;https://bian.org/servicelandscape-12-0-0/views/view_40536.html
Servicing Activity Analysis;Servicing Activity Analysis BOM;https://bian.org/servicelandscape-12-0-0/views/view_48380.html
Servicing Event History;Servicing Event History BOM;https://bian.org/servicelandscape-12-0-0/views/view_34304.html
Servicing Issue;Servicing Issue BOM;https://bian.org/servicelandscape-12-0-0/views/view_53307.html
Servicing Mandate;Servicing Mandate BOM;https://bian.org/servicelandscape-12-0-0/views/view_29804.html
Servicing Order;Servicing Order BOM;https://bian.org/servicelandscape-12-0-0/views/view_44793.html
Session Dialogue;Session Dialogue BOM;https://bian.org/servicelandscape-12-0-0/views/view_41245.html
Special Pricing Conditions;Special Pricing Conditions BOM;https://bian.org/servicelandscape-12-0-0/views/view_53625.html
Standing Order;Standing Order BOM;https://bian.org/servicelandscape-12-0-0/views/view_42865.html
Stock Lending and Repos;Stock Lending and Repos BOM;https://bian.org/servicelandscape-12-0-0/views/view_53480.html
Sub Custodian Agreement;Sub Custodian Agreement BOM;https://bian.org/servicelandscape-12-0-0/views/view_53717.html
Suitability Checking;Suitability Checking BOM;https://bian.org/servicelandscape-12-0-0/views/view_31276.html
Syndicate Management;Syndicate Management BOM;https://bian.org/servicelandscape-12-0-0/views/view_53404.html
Syndicated Loan;Syndicated Loan BOM;https://bian.org/servicelandscape-12-0-0/views/view_53653.html
System Development;System Development BOM;https://bian.org/servicelandscape-12-0-0/views/view_40287.html
Systems Administration;Systems Administration BOM;https://bian.org/servicelandscape-12-0-0/views/view_52988.html
Term Deposit Framework Agreement;Term Deposit Framework Agreement BOM;https://bian.org/servicelandscape-12-0-0/views/view_44183.html
Term Deposit;Term Deposit BOM;https://bian.org/servicelandscape-12-0-0/views/view_37792.html
Trade and Price Reporting;Trade and Price Reporting BOM;https://bian.org/servicelandscape-12-0-0/views/view_53004.html
Trade Clearing;Trade Clearing BOM;https://bian.org/servicelandscape-12-0-0/views/view_53016.html
Trade Confirmation Matching;Trade Confirmation Matching BOM;https://bian.org/servicelandscape-12-0-0/views/view_53257.html
Trade Settlement;Trade Settlement BOM;https://bian.org/servicelandscape-12-0-0/views/view_53326.html
Trader Position Operations;Trader Position Operations BOM;https://bian.org/servicelandscape-12-0-0/views/view_53177.html
Trading Book Oversight;Trading Book Oversight BOM;https://bian.org/servicelandscape-12-0-0/views/view_46668.html
Trading Book Oversight;Trading Book Oversight BOM;https://bian.org/servicelandscape-12-0-0/views/view_53124.html
Transaction Authorization;Transaction Authorization BOM;https://bian.org/servicelandscape-12-0-0/views/view_31182.html
Transaction Engine;Transaction Engine BOM;https://bian.org/servicelandscape-12-0-0/views/view_48009.html
Trust Services;Trust Services BOM;https://bian.org/servicelandscape-12-0-0/views/view_52985.html
Underwriting;Underwriting BOM;https://bian.org/servicelandscape-12-0-0/views/view_30509.html
Unit Trust Administration;Unit Trust Administration BOM;https://bian.org/servicelandscape-12-0-0/views/view_53911.html
Virtual Account;Virtual Account BOM;https://bian.org/servicelandscape-12-0-0/views/view_53551.html
Account Reconciliation;Account Reconciliation BOM;https://bian.org/servicelandscape-12-0-0/views/view_53401.html
Account Recovery;Account Recovery BOM;https://bian.org/servicelandscape-12-0-0/views/view_47089.html
Accounts Receivable;Accounts Receivable BOM;https://bian.org/servicelandscape-12-0-0/views/view_52971.html
Advanced Voice Services Management;Advanced Voice Services Management BOM;https://bian.org/servicelandscape-12-0-0/views/view_45340.html
Advanced Voice Services Operations;Advanced Voice Services Operations BOM;https://bian.org/servicelandscape-12-0-0/views/view_34977.html
Advertising;Advertising BOM;https://bian.org/servicelandscape-12-0-0/views/view_33310.html
ACH Operations;ACH Operations BOM;https://bian.org/servicelandscape-12-0-0/views/view_42085.html
Asset And Liability Management;Asset And Liability Management BOM;https://bian.org/servicelandscape-12-0-0/views/view_32422.html
Asset Securitization;Asset Securitization BOM;https://bian.org/servicelandscape-12-0-0/views/view_53514.html
ATM Network Operations;ATM Network Operations BOM;https://bian.org/servicelandscape-12-0-0/views/view_53919.html
Bank Drafts;Bank Drafts BOM;https://bian.org/servicelandscape-12-0-0/views/view_53439.html
Bank Guarantee;Bank Guarantee BOM;https://bian.org/servicelandscape-12-0-0/views/view_53756.html
Brand Management;Brand Management BOM;https://bian.org/servicelandscape-12-0-0/views/view_31716.html
Branch Currency Distribution;Branch Currency Distribution BOM;https://bian.org/servicelandscape-12-0-0/views/view_53595.html
Branch Currency Management;Branch Currency Management BOM;https://bian.org/servicelandscape-12-0-0/views/view_53681.html
Branch Location Management;Branch Location Management BOM;https://bian.org/servicelandscape-12-0-0/views/view_53302.html
Branch Location Operations;Branch Location Operations BOM;https://bian.org/servicelandscape-12-0-0/views/view_53355.html
Brokered Product;Brokered Product BOM;https://bian.org/servicelandscape-12-0-0/views/view_53841.html
Business Development;Business Development BOM;https://bian.org/servicelandscape-12-0-0/views/view_36210.html
Archive Services;Archive Services BOM;https://bian.org/servicelandscape-12-0-0/views/view_53859.html