Business Unit Management;Business Unit Management Control Record;https://bian.org/servicelandscape-12-0-0/views/view_43465.html
Card Authorization;Card Authorization Control Record;https://bian.org/servicelandscape-12-0-0/views/view_37478.html
Card Case;Card Case Control Record;https://bian.org/servicelandscape-12-0-0/views/view_29597.html
Card Clearing;Card Clearing Control Record;https://bian.org/servicelandscape-12-0-0/views/view_43618.html
Card Collections;Card Collections Control Record;https://bian.org/servicelandscape-12-0-0/views/view_32607.html
Card eCommerce Gateway;Card eCommerce Gateway Control Record;https://bian.org/servicelandscape-12-0-0/views/view_34974.html
Card Financial Settlement;Card Financial Settlement Control Record;https://bian.org/servicelandscape-12-0-0/views/view_42809.html
Card Network Participant Facility;Card Network Participant Facility Control Record;https://bian.org/servicelandscape-12-0-0/views/view_44640.html
Card Terminal Administration;Card Terminal Administration Control Record;https://bian.org/servicelandscape-12-0-0/views/view_45494.html
Card Terminal Operation;Card Terminal Operation Control Record;https://bian.org/servicelandscape-12-0-0/views/view_44059.html
Card Transaction Capture;Card Transaction Capture Control Record;https://bian.org/servicelandscape-12-0-0/views/view_49528.html
Card Transaction Switch;Card Transaction Switch Control Record;https://bian.org/servicelandscape-12-0-0/views/view_47890.html
Case Root Cause Analysis;Case Root Cause Analysis Control Record;https://bian.org/servicelandscape-12-0-0/views/view_49486.html
Cash Concentration;Cash Concentration Control Record;https://bian.org/servicelandscape-12-0-0/views/view_36221.html
Cash Management And Account Services;Cash Management And Account Services Control Record;https://bian.org/servicelandscape-12-0-0/views/view_47514.html
Central Cash Handling;Central Cash Handling Control Record;https://bian.org/servicelandscape-12-0-0/views/view_49523.html
Collateral Allocation Management;Collateral Allocation Management Control Record;https://bian.org/servicelandscape-12-0-0/views/view_47383.html
Collateral Asset Administration;Collateral Asset Administration Control Record;https://bian.org/servicelandscape-12-0-0/views/view_38669.html
Collections;Collections Control Record;https://bian.org/servicelandscape-12-0-0/views/view_49535.html
Commission Agreement;Commission Agreement Control Record;https://bian.org/servicelandscape-12-0-0/views/view_49355.html
Commissions;Commissions Control Record;https://bian.org/servicelandscape-12-0-0/views/view_49551.html
Competitor Analysis;Competitor Analysis Control Record;https://bian.org/servicelandscape-12-0-0/views/view_34032.html
Compliance Reporting;Compliance Reporting Control Record;https://bian.org/servicelandscape-12-0-0/views/view_49472.html
Consumer Advisory Services;Consumer Advisory Services Control Record;https://bian.org/servicelandscape-12-0-0/views/view_38994.html
Consumer Investments;Consumer Investments Control Record;https://bian.org/servicelandscape-12-0-0/views/view_41312.html
Consumer Loan;Consumer Loan Control Record;https://bian.org/servicelandscape-12-0-0/views/view_47557.html
Contact Center Management;Contact Center Management Control Record;https://bian.org/servicelandscape-12-0-0/views/view_38121.html
Contact Center Operations;Contact Center Operations Control Record;https://bian.org/servicelandscape-12-0-0/views/view_37608.html
Contact Handler;Contact Handler Control Record;https://bian.org/servicelandscape-12-0-0/views/view_47406.html
Contact Routing;Contact Routing Control Record;https://bian.org/servicelandscape-12-0-0/views/view_39723.html
Contractor and Supplier Agreement;Contractor and Supplier Agreement Control Record;https://bian.org/servicelandscape-12-0-0/views/view_40407.html
Corporate Action;Corporate Action Control Record;https://bian.org/servicelandscape-12-0-0/views/view_34868.html
Corporate Current Account;Corporate Current Account Control Record;https://bian.org/servicelandscape-12-0-0/views/view_28764.html
Corporate Finance;Corporate Finance Control Record;https://bian.org/servicelandscape-12-0-0/views/view_36167.html
Corporate Lease;Corporate Lease Control Record;https://bian.org/servicelandscape-12-0-0/views/view_49362.html
Corporate Loan;Corporate Loan Control Record;https://bian.org/servicelandscape-12-0-0/views/view_37766.html
Corporate Payroll Services;Corporate Payroll Services Control Record;https://bian.org/servicelandscape-12-0-0/views/view_35320.html
Corporate Tax Advisory;Corporate Tax Advisory Control Record;https://bian.org/servicelandscape-12-0-0/views/view_48850.html
Corporate Treasury;Corporate Treasury Control Record;https://bian.org/servicelandscape-12-0-0/views/view_35459.html
Corporate Trust Services;Corporate Trust Services Control Record;https://bian.org/servicelandscape-12-0-0/views/view_34216.html
Correspondence;Correspondence Control Record;https://bian.org/servicelandscape-12-0-0/views/view_43142.html
Correspondent Bank Directory;Correspondent Bank Directory Control Record;https://bian.org/servicelandscape-12-0-0/views/view_32434.html
Correspondent Bank Operations;Correspondent Bank Operations Control Record;https://bian.org/servicelandscape-12-0-0/views/view_44915.html
Correspondent Bank Relationship Management;Correspondent Bank Relationship Management Control Record;https://bian.org/servicelandscape-12-0-0/views/view_35636.html
Counterparty Administration;Counterparty Administration Control Record;https://bian.org/servicelandscape-12-0-0/views/view_43557.html
Credit Card Position Keeping;Credit Card Position Keeping Control Record;https://bian.org/servicelandscape-12-0-0/views/view_40145.html
Credit Card;Credit Card Control Record;https://bian.org/servicelandscape-12-0-0/views/view_41954.html
Credit Facility;Credit Facility Control Record;https://bian.org/servicelandscape-12-0-0/views/view_39036.html
Credit Management;Credit Management Control Record;https://bian.org/servicelandscape-12-0-0/views/view_35828.html
Credit Risk Models;Credit Risk Models Control Record;https://bian.org/servicelandscape-12-0-0/views/view_49271.html
Credit Risk Operations;Credit Risk Operations Control Record;https://bian.org/servicelandscape-12-0-0/views/view_48335.html
Currency Exchange;Currency Exchange Control Record;https://bian.org/servicelandscape-12-0-0/views/view_49481.html
Current Account;Current Account Control Record;https://bian.org/servicelandscape-12-0-0/views/view_36677.html
Custody Administration;Custody Administration Control Record;https://bian.org/servicelandscape-12-0-0/views/view_49437.html
Customer Access Entitlement;Customer Access Entitlement Control Record;https://bian.org/servicelandscape-12-0-0/views/view_39623.html
Customer Agreement;Customer Agreement Control Record;https://bian.org/servicelandscape-12-0-0/views/view_33982.html
Customer Behavior Insights;Customer Behavior Insights Control Record;https://bian.org/servicelandscape-12-0-0/views/view_43086.html
Customer Behavior Models;Customer Behavior Models Control Record;https://bian.org/servicelandscape-12-0-0/views/view_46137.html
Customer Billing;Customer Billing Control Record;https://bian.org/servicelandscape-12-0-0/views/view_48061.html
Customer Campaign Design;Customer Campaign Design Control Record;https://bian.org/servicelandscape-12-0-0/views/view_30512.html
Customer Campaign Execution;Customer Campaign Execution Control Record;https://bian.org/servicelandscape-12-0-0/views/view_46125.html
Customer Campaign Management;Customer Campaign Management Control Record;https://bian.org/servicelandscape-12-0-0/views/view_45753.html
Customer Case Management;Customer Case Management Control Record;https://bian.org/servicelandscape-12-0-0/views/view_40626.html
Customer Case;Customer Case Control Record;https://bian.org/servicelandscape-12-0-0/views/view_37816.html
Customer Credit Rating;Customer Credit Rating Control Record;https://bian.org/servicelandscape-12-0-0/views/view_28913.html
Customer Event History;Customer Event History Control Record;https://bian.org/servicelandscape-12-0-0/views/view_36902.html
Customer Offer;Customer Offer Control Record;https://bian.org/servicelandscape-12-0-0/views/view_46579.html
Customer Portfolio;Customer Portfolio Control Record;https://bian.org/servicelandscape-12-0-0/views/view_31520.html
Customer Position;Customer Position Control Record;https://bian.org/servicelandscape-12-0-0/views/view_29082.html
Customer Product and Service Directory;Customer Product and Service Directory Control Record;https://bian.org/servicelandscape-12-0-0/views/view_29710.html
Customer Product And Service Eligibility;Customer Product And Service Eligibility Control Record;https://bian.org/servicelandscape-12-0-0/views/view_29977.html
Customer Proposition;Customer Proposition Control Record;https://bian.org/servicelandscape-12-0-0/views/view_43647.html
Customer Relationship Management;Customer Relationship Management Control Record;https://bian.org/servicelandscape-12-0-0/views/view_40344.html
Customer Surveys;Customer Surveys Control Record;https://bian.org/servicelandscape-12-0-0/views/view_42976.html
Customer Tax Handling;Customer Tax Handling Control Record;https://bian.org/servicelandscape-12-0-0/views/view_45466.html
Customer Workbench;Customer Workbench Control Record;https://bian.org/servicelandscape-12-0-0/views/view_37813.html
Dealer Desk;Dealer Desk Control Record;https://bian.org/servicelandscape-12-0-0/views/view_49933.html
Delinquent Account Handling;Delinquent Account Handling Control Record;https://bian.org/servicelandscape-12-0-0/views/view_39901.html
Direct Debit Mandate;Direct Debit Mandate Control Record;https://bian.org/servicelandscape-12-0-0/views/view_30556.html
Direct Debit;Direct Debit Control Record;https://bian.org/servicelandscape-12-0-0/views/view_49348.html
Direct Debits Service;Direct Debits Service Control Record;https://bian.org/servicelandscape-12-0-0/views/view_38951.html
Disbursement;Disbursement Control Record;https://bian.org/servicelandscape-12-0-0/views/view_33887.html
Document Directory;Document Directory Control Record;https://bian.org/servicelandscape-12-0-0/views/view_37490.html
Document Services;Document Services Control Record;https://bian.org/servicelandscape-12-0-0/views/view_47861.html
eBranch Management;eBranch Management Control Record;https://bian.org/servicelandscape-12-0-0/views/view_48558.html
eBranch Operations;eBranch Operations Control Record;https://bian.org/servicelandscape-12-0-0/views/view_29810.html
ECM And DCM;ECM And DCM Control Record;https://bian.org/servicelandscape-12-0-0/views/view_32513.html
Enterprise Architecture;Enterprise Architecture Control Record;https://bian.org/servicelandscape-12-0-0/views/view_49430.html
eTrading Workbench;eTrading Workbench Control Record;https://bian.org/servicelandscape-12-0-0/views/view_36486.html
Factoring;Factoring Control Record;https://bian.org/servicelandscape-12-0-0/views/view_29974.html
Fiduciary Agreement;Fiduciary Agreement Control Record;https://bian.org/servicelandscape-12-0-0/views/view_49465.html
Financial Accounting;Financial Accounting Control Record;https://bian.org/servicelandscape-12-0-0/views/view_31901.html
Financial Gateway;Financial Gateway Control Record;https://bian.org/servicelandscape-12-0-0/views/view_39805.html
Financial Instrument Reference Data Management;Financial Instrument Reference Data Management Control Record;https://bian.org/servicelandscape-12-0-0/views/view_45816.html
Financial Instrument Valuation;Financial Instrument Valuation Control Record;https://bian.org/servicelandscape-12-0-0/views/view_38546.html
Financial Market Analysis;Financial Market Analysis Control Record;https://bian.org/servicelandscape-12-0-0/views/view_49376.html
Financial Market Research;Financial Market Research Control Record;https://bian.org/servicelandscape-12-0-0/views/view_30921.html
Financial Statement Assessment;Financial Statement Assessment Control Record;https://bian.org/servicelandscape-12-0-0/views/view_49720.html
Fraud Diagnosis;Fraud Diagnosis Control Record;https://bian.org/servicelandscape-12-0-0/views/view_39819.html
Fraud Evaluation;Fraud Evaluation Control Record;https://bian.org/servicelandscape-12-0-0/views/view_45595.html
Fraud Model;Fraud Model Control Record;https://bian.org/servicelandscape-12-0-0/views/view_30455.html
Fraud Resolution;Fraud Resolution Control Record;https://bian.org/servicelandscape-12-0-0/views/view_37106.html
Guideline Compliance;Guideline Compliance Control Record;https://bian.org/servicelandscape-12-0-0/views/view_43713.html
Hedge Fund Administration;Hedge Fund Administration Control Record;https://bian.org/servicelandscape-12-0-0/views/view_47943.html
Channel Activity Analysis;Channel Activity Analysis Control Record;https://bian.org/servicelandscape-12-0-0/views/view_32175.html
Channel Activity History;Channel Activity History Control Record;https://bian.org/servicelandscape-12-0-0/views/view_45272.html
Cheque Processing;Cheque Processing Control Record;https://bian.org/servicelandscape-12-0-0/views/view_49381.html
Information Provider Operation;Information Provider Operation Control Record;https://bian.org/servicelandscape-12-0-0/views/view_44168.html
Intellectual Property Portfolio;Intellectual Property Portfolio Control Record;https://bian.org/servicelandscape-12-0-0/views/view_43057.html
Interactive Help;Interactive Help Control Record;https://bian.org/servicelandscape-12-0-0/views/view_31375.html
Interbank Relationship Management;Interbank Relationship Management Control Record;https://bian.org/servicelandscape-12-0-0/views/view_45278.html
Internal Audit;Internal Audit Control Record;https://bian.org/servicelandscape-12-0-0/views/view_49283.html
Internal Bank Account;Internal Bank Account Control Record;https://bian.org/servicelandscape-12-0-0/views/view_33280.html
Investment Account;Investment Account Control Record;https://bian.org/servicelandscape-12-0-0/views/view_46080.html
Investment Portfolio Analysis;Investment Portfolio Analysis Control Record;https://bian.org/servicelandscape-12-0-0/views/view_32598.html
Investment Portfolio Management;Investment Portfolio Management Control Record;https://bian.org/servicelandscape-12-0-0/views/view_30485.html
Investment Portfolio Planning;Investment Portfolio Planning Control Record;https://bian.org/servicelandscape-12-0-0/views/view_30176.html
Issued Device Administration;Issued Device Administration Control Record;https://bian.org/servicelandscape-12-0-0/views/view_37354.html
Issued Device Tracking;Issued Device Tracking Control Record;https://bian.org/servicelandscape-12-0-0/views/view_46190.html
IT Standards And Guidelines;IT Standards And Guidelines Control Record;https://bian.org/servicelandscape-12-0-0/views/view_49313.html
Knowledge Exchange;Knowledge Exchange Control Record;https://bian.org/servicelandscape-12-0-0/views/view_49514.html
Lead and Opportunity Management;Lead and Opportunity Management Control Record;https://bian.org/servicelandscape-12-0-0/views/view_36470.html
Leasing Item Administration;Leasing Item Administration Control Record;https://bian.org/servicelandscape-12-0-0/views/view_49306.html
Leasing;Leasing Control Record;https://bian.org/servicelandscape-12-0-0/views/view_49446.html
Legal Advisory;Legal Advisory Control Record;https://bian.org/servicelandscape-12-0-0/views/view_43046.html
Legal Compliance;Legal Compliance Control Record;https://bian.org/servicelandscape-12-0-0/views/view_34697.html
Legal Entity Directory;Legal Entity Directory Control Record;https://bian.org/servicelandscape-12-0-0/views/view_32214.html
Letter of Credit;Letter of Credit Control Record;https://bian.org/servicelandscape-12-0-0/views/view_38980.html
Loan;Loan Control Record;https://bian.org/servicelandscape-12-0-0/views/view_40402.html
Loan Syndication;Loan Syndication Control Record;https://bian.org/servicelandscape-12-0-0/views/view_29106.html
Location Data Management;Location Data Management Control Record;https://bian.org/servicelandscape-12-0-0/views/view_31350.html
Management Manual;Management Manual Control Record;https://bian.org/servicelandscape-12-0-0/views/view_49460.html
Market Analysis;Market Analysis Control Record;https://bian.org/servicelandscape-12-0-0/views/view_39840.html
Market Data Switch Operation;Market Data Switch Operation Control Record;https://bian.org/servicelandscape-12-0-0/views/view_36713.html
Market Information Management;Market Information Management Control Record;https://bian.org/servicelandscape-12-0-0/views/view_37911.html
Market Making;Market Making Control Record;https://bian.org/servicelandscape-12-0-0/views/view_32940.html
Market Order Execution;Market Order Execution Control Record;https://bian.org/servicelandscape-12-0-0/views/view_40559.html
Market Order;Market Order Control Record;https://bian.org/servicelandscape-12-0-0/views/view_48564.html
Market Research;Market Research Control Record;https://bian.org/servicelandscape-12-0-0/views/view_29221.html
Mergers and Acquisitions Advisory;Mergers and Acquisitions Advisory Control Record;https://bian.org/servicelandscape-12-0-0/views/view_40119.html
Merchandising Loan;Merchandising Loan Control Record;https://bian.org/servicelandscape-12-0-0/views/view_49332.html
Merchant Acquiring Facility;Merchant Acquiring Facility Control Record;https://bian.org/servicelandscape-12-0-0/views/view_45391.html
Merchant Relations;Merchant Relations Control Record;https://bian.org/servicelandscape-12-0-0/views/view_33684.html
Mortgage Loan;Mortgage Loan Control Record;https://bian.org/servicelandscape-12-0-0/views/view_49563.html
Mutual Fund Administration;Mutual Fund Administration Control Record;https://bian.org/servicelandscape-12-0-0/views/view_45942.html
Notional Pooling;Notional Pooling Control Record;https://bian.org/servicelandscape-12-0-0/views/view_35343.html
Open Item Management;Open Item Management Control Record;https://bian.org/servicelandscape-12-0-0/views/view_32091.html
Operational Gateway;Operational Gateway Control Record;https://bian.org/servicelandscape-12-0-0/views/view_49973.html
Order Allocation;Order Allocation Control Record;https://bian.org/servicelandscape-12-0-0/views/view_40183.html
Party Asset Directory;Party Asset Directory Control Record;https://bian.org/servicelandscape-12-0-0/views/view_30880.html
Party Authentication;Party Authentication Control Record;https://bian.org/servicelandscape-12-0-0/views/view_38106.html
Party Lifecycle Management;Party Lifecycle Management Control Record;https://bian.org/servicelandscape-12-0-0/views/view_48338.html
Party Reference Data Directory;Party Reference Data Directory Control Record;https://bian.org/servicelandscape-12-0-0/views/view_42752.html
Party Routing Profile;Party Routing Profile Control Record;https://bian.org/servicelandscape-12-0-0/views/view_38883.html
Payment Execution;Payment Execution Control Record;https://bian.org/servicelandscape-12-0-0/views/view_43630.html
Payment Initiation;Payment Initiation Control Record;https://bian.org/servicelandscape-12-0-0/views/view_30409.html
Payment Instruction;Payment Instruction Control Record;https://bian.org/servicelandscape-12-0-0/views/view_49859.html
Payment Order;Payment Order Control Record;https://bian.org/servicelandscape-12-0-0/views/view_30598.html
Payment Rail Operations;Payment Rail Operations Control Record;https://bian.org/servicelandscape-12-0-0/views/view_49848.html
Point of Service;Point of Service Control Record;https://bian.org/servicelandscape-12-0-0/views/view_41812.html
Position Keeping;Position Keeping Control Record;https://bian.org/servicelandscape-12-0-0/views/view_38704.html
Position Management;Position Management Control Record;https://bian.org/servicelandscape-12-0-0/views/view_48421.html
Private Placement;Private Placement Control Record;https://bian.org/servicelandscape-12-0-0/views/view_48250.html
Processing Order;Processing Order Control Record;https://bian.org/servicelandscape-12-0-0/views/view_36770.html
Product Broker Agreement;Product Broker Agreement Control Record;https://bian.org/servicelandscape-12-0-0/views/view_33444.html
Product Combination;Product Combination Control Record;https://bian.org/servicelandscape-12-0-0/views/view_49509.html
Product Deployment;Product Deployment Control Record;https://bian.org/servicelandscape-12-0-0/views/view_46394.html
Product Design;Product Design Control Record;https://bian.org/servicelandscape-12-0-0/views/view_45116.html
Product Directory;Product Directory Control Record;https://bian.org/servicelandscape-12-0-0/views/view_39048.html
Product Expert Sales Support;Product Expert Sales Support Control Record;https://bian.org/servicelandscape-12-0-0/views/view_46996.html
Product Inventory Distribution;Product Inventory Distribution Control Record;https://bian.org/servicelandscape-12-0-0/views/view_49453.html
Product Inventory Item Management;Product Inventory Item Management Control Record;https://bian.org/servicelandscape-12-0-0/views/view_29576.html
Product Matching;Product Matching Control Record;https://bian.org/servicelandscape-12-0-0/views/view_49411.html
Product Portfolio;Product Portfolio Control Record;https://bian.org/servicelandscape-12-0-0/views/view_30397.html
Product Quality Assurance;Product Quality Assurance Control Record;https://bian.org/servicelandscape-12-0-0/views/view_49297.html
Product Sales Support;Product Sales Support Control Record;https://bian.org/servicelandscape-12-0-0/views/view_35417.html
Product Service Agency;Product Service Agency Control Record;https://bian.org/servicelandscape-12-0-0/views/view_47267.html
Product Training;Product Training Control Record;https://bian.org/servicelandscape-12-0-0/views/view_49542.html
Production Release;Production Release Control Record;https://bian.org/servicelandscape-12-0-0/views/view_43065.html
Program Trading;Program Trading Control Record;https://bian.org/servicelandscape-12-0-0/views/view_42899.html
Project Finance;Project Finance Control Record;https://bian.org/servicelandscape-12-0-0/views/view_37588.html
Promotional Events;Promotional Events Control Record;https://bian.org/servicelandscape-12-0-0/views/view_40252.html
Prospect Campaign Design;Prospect Campaign Design Control Record;https://bian.org/servicelandscape-12-0-0/views/view_41262.html
Prospect Campaign Execution;Prospect Campaign Execution Control Record;https://bian.org/servicelandscape-12-0-0/views/view_36840.html
Prospect Campaign Management;Prospect Campaign Management Control Record;https://bian.org/servicelandscape-12-0-0/views/view_39634.html
Public Offering;Public Offering Control Record;https://bian.org/servicelandscape-12-0-0/views/view_34715.html
Public Reference Data Management;Public Reference Data Management Control Record;https://bian.org/servicelandscape-12-0-0/views/view_49418.html
Quote Management;Quote Management Control Record;https://bian.org/servicelandscape-12-0-0/views/view_31257.html
Regulatory And Legal Authority;Regulatory And Legal Authority Control Record;https://bian.org/servicelandscape-12-0-0/views/view_49495.html
Regulatory Compliance;Regulatory Compliance Control Record;https://bian.org/servicelandscape-12-0-0/views/view_42786.html
Regulatory Reporting;Regulatory Reporting Control Record;https://bian.org/servicelandscape-12-0-0/views/view_39505.html
Reward Points Account;Reward Points Account Control Record;https://bian.org/servicelandscape-12-0-0/views/view_49502.html
Reward Points Awards And Redemption;Reward Points Awards And Redemption Control Record;https://bian.org/servicelandscape-12-0-0/views/view_49325.html
Sales Product Agreement;Sales Product Agreement Control Record;https://bian.org/servicelandscape-12-0-0/views/view_44806.html
Sales Product;Sales Product Control Record;https://bian.org/servicelandscape-12-0-0/views/view_32323.html
Savings Account;Savings Account Control Record;https://bian.org/servicelandscape-12-0-0/views/view_34059.html
Securities Fails Processing;Securities Fails Processing Control Record;https://bian.org/servicelandscape-12-0-0/views/view_47331.html
Securities Position Keeping;Securities Position Keeping Control Record;https://bian.org/servicelandscape-12-0-0/views/view_37658.html
Segment Direction;Segment Direction Control Record;https://bian.org/servicelandscape-12-0-0/views/view_37831.html
Service Directory;Service Directory Control Record;https://bian.org/servicelandscape-12-0-0/views/view_49960.html
Service Provider Operations;Service Provider Operations Control Record;https://bian.org/servicelandscape-12-0-0/views/view_39110.html
Servicing Activity Analysis;Servicing Activity Analysis Control Record;https://bian.org/servicelandscape-12-0-0/views/view_47884.html
Servicing Event History;Servicing Event History Control Record;https://bian.org/servicelandscape-12-0-0/views/view_47596.html
Servicing Issue;Servicing Issue Control Record;https://bian.org/servicelandscape-12-0-0/views/view_29512.html
Servicing Mandate;Servicing Mandate Control Record;https://bian.org/servicelandscape-12-0-0/views/view_42539.html
Servicing Order;Servicing Order Control Record;https://bian.org/servicelandscape-12-0-0/views/view_45695.html
Session Dialogue;Session Dialogue Control Record;https://bian.org/servicelandscape-12-0-0/views/view_38721.html
Special Pricing Conditions;Special Pricing Conditions Control Record;https://bian.org/servicelandscape-12-0-0/views/view_49276.html
Standing Order;Standing Order Control Record;https://bian.org/servicelandscape-12-0-0/views/view_36176.html
Stock Lending and Repos;Stock Lending and Repos Control Record;https://bian.org/servicelandscape-12-0-0/views/view_31303.html
Sub Custodian Agreement;Sub Custodian Agreement Control Record;https://bian.org/servicelandscape-12-0-0/views/view_44541.html
Suitability Checking;Suitability Checking Control Record;https://bian.org/servicelandscape-12-0-0/views/view_29518.html
Syndicate Management;Syndicate Management Control Record;https://bian.org/servicelandscape-12-0-0/views/view_36458.html
Syndicated Loan;Syndicated Loan Control Record;https://bian.org/servicelandscape-12-0-0/views/view_49423.html
System Development;System Development Control Record;https://bian.org/servicelandscape-12-0-0/views/view_40471.html
Systems Administration;Systems Administration Control Record;https://bian.org/servicelandscape-12-0-0/views/view_49367.html
Term Deposit Framework Agreement;Term Deposit Framework Agreement Control Record;https://bian.org/servicelandscape-12-0-0/views/view_48747.html
Term Deposit;Term Deposit Control Record;https://bian.org/servicelandscape-12-0-0/views/view_29935.html
Trade and Price Reporting;Trade and Price Reporting Control Record;https://bian.org/servicelandscape-12-0-0/views/view_30580.html
Trade Clearing;Trade Clearing Control Record;https://bian.org/servicelandscape-12-0-0/views/view_29458.html
Trade Confirmation Matching;Trade Confirmation Matching Control Record;https://bian.org/servicelandscape-12-0-0/views/view_30143.html
Trade Settlement;Trade Settlement Control Record;https://bian.org/servicelandscape-12-0-0/views/view_49713.html
Trader Position Operations;Trader Position Operations Control Record;https://bian.org/servicelandscape-12-0-0/views/view_49809.html
Transaction Authorization;Transaction Authorization Control Record;https://bian.org/servicelandscape-12-0-0/views/view_33331.html
Transaction Engine;Transaction Engine Control Record;https://bian.org/servicelandscape-12-0-0/views/view_36037.html
Trust Services;Trust Services Control Record;https://bian.org/servicelandscape-12-0-0/views/view_29049.html
Underwriting;Underwriting Control Record;https://bian.org/servicelandscape-12-0-0/views/view_37964.html
Unit Trust Administration;Unit Trust Administration Control Record;https://bian.org/servicelandscape-12-0-0/views/view_38599.html
Virtual Account;Virtual Account Control Record;https://bian.org/servicelandscape-12-0-0/views/view_49339.html
Account Reconciliation;Account Reconciliation Control Record;https://bian.org/servicelandscape-12-0-0/views/view_48365.html
Account Recovery;Account Recovery Control Record;https://bian.org/servicelandscape-12-0-0/views/view_44661.html
Accounts Receivable;Accounts Receivable Control Record;https://bian.org/servicelandscape-12-0-0/views/view_49402.html
Advanced Voice Services Management;Advanced Voice Services Management Control Record;https://bian.org/servicelandscape-12-0-0/views/view_29612.html
Advanced Voice Services Operations;Advanced Voice Services Operations Control Record;https://bian.org/servicelandscape-12-0-0/views/view_46974.html
Advertising;Advertising Control Record;https://bian.org/servicelandscape-12-0-0/views/view_47101.html
ACH Operations;ACH Operations Control Record;https://bian.org/servicelandscape-12-0-0/views/view_42118.html
Asset And Liability Management;Asset And Liability Management Control Record;https://bian.org/servicelandscape-12-0-0/views/view_35340.html
Asset Securitization;Asset Securitization Control Record;https://bian.org/servicelandscape-12-0-0/views/view_49390.html
ATM Network Operations;ATM Network Operations Control Record;https://bian.org/servicelandscape-12-0-0/views/view_49397.html
Bank Drafts;Bank Drafts Control Record;https://bian.org/servicelandscape-12-0-0/views/view_49904.html
Bank Guarantee;Bank Guarantee Control Record;https://bian.org/servicelandscape-12-0-0/views/view_47449.html
Brand Management;Brand Management Control Record;https://bian.org/servicelandscape-12-0-0/views/view_41472.html
Branch Currency Distribution;Branch Currency Distribution Control Record;https://bian.org/servicelandscape-12-0-0/views/view_49558.html
Branch Currency Management;Branch Currency Management Control Record;https://bian.org/servicelandscape-12-0-0/views/view_49292.html
Branch Location Management;Branch Location Management Control Record;https://bian.org/servicelandscape-12-0-0/views/view_49318.html
Branch Location Operations;Branch Location Operations Control Record;https://bian.org/servicelandscape-12-0-0/views/view_46097.html
Brokered Product;Brokered Product Control Record;https://bian.org/servicelandscape-12-0-0/views/view_31123.html
Business Development;Business Development Control Record;https://bian.org/servicelandscape-12-0-0/views/view_34622.html
Archive Services;Archive Services Control Record;https://bian.org/servicelandscape-12-0-0/views/view_44717.html