Corporate Financing and Advisory Services;https://bian.org/servicelandscape-12-0-0/object_25.html?object=129964
Cards;https://bian.org/servicelandscape-12-0-0/object_25.html?object=129966
Market Data;https://bian.org/servicelandscape-12-0-0/object_25.html?object=129984
Human Resource Management;https://bian.org/servicelandscape-12-0-0/object_25.html?object=129993
Finance;https://bian.org/servicelandscape-12-0-0/object_25.html?object=129995
Buildings Equipment and Facilities;https://bian.org/servicelandscape-12-0-0/object_25.html?object=130005
Operational Services;https://bian.org/servicelandscape-12-0-0/object_25.html?object=130011
Business Command and Control;https://bian.org/servicelandscape-12-0-0/object_25.html?object=130051
Market Operations;https://bian.org/servicelandscape-12-0-0/object_25.html?object=130053
Collateral Administration;https://bian.org/servicelandscape-12-0-0/object_25.html?object=130060
Servicing;https://bian.org/servicelandscape-12-0-0/object_25.html?object=130062
Channel Specific;https://bian.org/servicelandscape-12-0-0/object_25.html?object=130065
IT Management;https://bian.org/servicelandscape-12-0-0/object_25.html?object=130073
Sales;https://bian.org/servicelandscape-12-0-0/object_25.html?object=130075
Business Analysis;https://bian.org/servicelandscape-12-0-0/object_25.html?object=130086
Consumer Services;https://bian.org/servicelandscape-12-0-0/object_25.html?object=130111
Marketing;https://bian.org/servicelandscape-12-0-0/object_25.html?object=130117
Bank Portfolio and Treasury;https://bian.org/servicelandscape-12-0-0/object_25.html?object=130125
Customer Management;https://bian.org/servicelandscape-12-0-0/object_25.html?object=130142
Business Direction;https://bian.org/servicelandscape-12-0-0/object_25.html?object=130146
External Agency;https://bian.org/servicelandscape-12-0-0/object_25.html?object=130156
External Agency;https://bian.org/servicelandscape-12-0-0/object_25.html?object=130156
Loans and Deposits;https://bian.org/servicelandscape-12-0-0/object_25.html?object=130178
Wholesale Trading;https://bian.org/servicelandscape-12-0-0/object_25.html?object=130198
Corporate Relations;https://bian.org/servicelandscape-12-0-0/object_25.html?object=130222
Models;https://bian.org/servicelandscape-12-0-0/object_25.html?object=130273
Non-IT and Non-HR Enterprise Services;https://bian.org/servicelandscape-12-0-0/object_25.html?object=130279
Account Management;https://bian.org/servicelandscape-12-0-0/object_25.html?object=130314
Product Management;https://bian.org/servicelandscape-12-0-0/object_25.html?object=130408
Cross Channel;https://bian.org/servicelandscape-12-0-0/object_25.html?object=130605
Trade Banking;https://bian.org/servicelandscape-12-0-0/object_25.html?object=130655
Payments;https://bian.org/servicelandscape-12-0-0/object_25.html?object=130771
Regulations and Compliance;https://bian.org/servicelandscape-12-0-0/object_25.html?object=131097
Investment Management;https://bian.org/servicelandscape-12-0-0/object_25.html?object=131120
Management;https://bian.org/servicelandscape-12-0-0/object_25.html?object=131164
Party;https://bian.org/servicelandscape-12-0-0/object_25.html?object=131261
Document Management and Archive;https://bian.org/servicelandscape-12-0-0/object_25.html?object=131585
Product Specific Fulfillment;https://bian.org/servicelandscape-12-0-0/object_25.html?object=150962
Cross Product Operations;https://bian.org/servicelandscape-12-0-0/object_25.html?object=151045
eTrading Workbench;https://bian.org/servicelandscape-12-0-0/object_25.html?object=28742
Order Allocation;https://bian.org/servicelandscape-12-0-0/object_25.html?object=28751
Workforce Training;https://bian.org/servicelandscape-12-0-0/object_25.html?object=28841
Site Administration;https://bian.org/servicelandscape-12-0-0/object_25.html?object=28927
Company Billing and Payments;https://bian.org/servicelandscape-12-0-0/object_25.html?object=29087
Bank Portfolio Administration;https://bian.org/servicelandscape-12-0-0/object_25.html?object=29125
Employee Benefits;https://bian.org/servicelandscape-12-0-0/object_25.html?object=29196
Financial Gateway;https://bian.org/servicelandscape-12-0-0/object_25.html?object=29241
Continuity Planning;https://bian.org/servicelandscape-12-0-0/object_25.html?object=29351
Card Transaction Switch;https://bian.org/servicelandscape-12-0-0/object_25.html?object=29401
Advanced Voice Services Management;https://bian.org/servicelandscape-12-0-0/object_25.html?object=29564
Mergers and Acquisitions Advisory;https://bian.org/servicelandscape-12-0-0/object_25.html?object=29581
Factoring;https://bian.org/servicelandscape-12-0-0/object_25.html?object=29650
Party Lifecycle Management;https://bian.org/servicelandscape-12-0-0/object_25.html?object=29780
Corporate Tax Advisory;https://bian.org/servicelandscape-12-0-0/object_25.html?object=29854
Payment Initiation;https://bian.org/servicelandscape-12-0-0/object_25.html?object=29967
Central Cash Handling;https://bian.org/servicelandscape-12-0-0/object_25.html?object=29997
System Deployment;https://bian.org/servicelandscape-12-0-0/object_25.html?object=30027
Customer Access Entitlement;https://bian.org/servicelandscape-12-0-0/object_25.html?object=30136
Property Portfolio;https://bian.org/servicelandscape-12-0-0/object_25.html?object=30151
Issued Device Tracking;https://bian.org/servicelandscape-12-0-0/object_25.html?object=30205
Position Keeping;https://bian.org/servicelandscape-12-0-0/object_25.html?object=30315
Servicing Event History;https://bian.org/servicelandscape-12-0-0/object_25.html?object=30330
Document Services;https://bian.org/servicelandscape-12-0-0/object_25.html?object=30399}]
Customer Relationship Management;https://bian.org/servicelandscape-12-0-0/object_25.html?object=30437
Trade Clearing;https://bian.org/servicelandscape-12-0-0/object_25.html?object=30463
Contribution Models;https://bian.org/servicelandscape-12-0-0/object_25.html?object=30496
Systems Assurance;https://bian.org/servicelandscape-12-0-0/object_25.html?object=30576
Financial Message Analysis;https://bian.org/servicelandscape-12-0-0/object_25.html?object=30650
Term Deposit;https://bian.org/servicelandscape-12-0-0/object_25.html?object=30653
Merchant Relations;https://bian.org/servicelandscape-12-0-0/object_25.html?object=30772
Card Case;https://bian.org/servicelandscape-12-0-0/object_25.html?object=30796
eBranch Operations;https://bian.org/servicelandscape-12-0-0/object_25.html?object=30829
Issued Device Administration;https://bian.org/servicelandscape-12-0-0/object_25.html?object=30905
Financial Instrument Valuation;https://bian.org/servicelandscape-12-0-0/object_25.html?object=30950
Business Unit Management;https://bian.org/servicelandscape-12-0-0/object_25.html?object=30964
Sales Planning;https://bian.org/servicelandscape-12-0-0/object_25.html?object=31032
Procurement;https://bian.org/servicelandscape-12-0-0/object_25.html?object=31098
Knowledge Exchange;https://bian.org/servicelandscape-12-0-0/object_25.html?object=31178
Investor Relations;https://bian.org/servicelandscape-12-0-0/object_25.html?object=31259
Party Routing Profile;https://bian.org/servicelandscape-12-0-0/object_25.html?object=31558
Open Item Management;https://bian.org/servicelandscape-12-0-0/object_25.html?object=31686
Program Trading;https://bian.org/servicelandscape-12-0-0/object_25.html?object=31692
Mortgage Loan;https://bian.org/servicelandscape-12-0-0/object_25.html?object=31825
Interbank Relationship Management;https://bian.org/servicelandscape-12-0-0/object_25.html?object=31849
Syndicated Loan;https://bian.org/servicelandscape-12-0-0/object_25.html?object=31921
Fraud Diagnosis;https://bian.org/servicelandscape-12-0-0/object_25.html?object=31990
Corporate Lease;https://bian.org/servicelandscape-12-0-0/object_25.html?object=32008
Business Unit Financial Operations;https://bian.org/servicelandscape-12-0-0/object_25.html?object=32055
Product Expert Sales Support;https://bian.org/servicelandscape-12-0-0/object_25.html?object=32141
Investment Portfolio Management;https://bian.org/servicelandscape-12-0-0/object_25.html?object=32159
Custody Administration;https://bian.org/servicelandscape-12-0-0/object_25.html?object=32270
Operational Gateway;https://bian.org/servicelandscape-12-0-0/object_25.html?object=32276
Servicing Order;https://bian.org/servicelandscape-12-0-0/object_25.html?object=32295
Corporate Finance;https://bian.org/servicelandscape-12-0-0/object_25.html?object=32352
Corporate Payroll Services;https://bian.org/servicelandscape-12-0-0/object_25.html?object=32364
Prospect Campaign Management;https://bian.org/servicelandscape-12-0-0/object_25.html?object=32462
Production Release;https://bian.org/servicelandscape-12-0-0/object_25.html?object=32518
Travel and Expenses;https://bian.org/servicelandscape-12-0-0/object_25.html?object=32630
Direct Debit;https://bian.org/servicelandscape-12-0-0/object_25.html?object=32677
Correspondent Bank Operations;https://bian.org/servicelandscape-12-0-0/object_25.html?object=32729
Utilities Administration;https://bian.org/servicelandscape-12-0-0/object_25.html?object=32750
Customer Agreement;https://bian.org/servicelandscape-12-0-0/object_25.html?object=32862
Business Development;https://bian.org/servicelandscape-12-0-0/object_25.html?object=32900
Management Manual;https://bian.org/servicelandscape-12-0-0/object_25.html?object=32915
Correspondence;https://bian.org/servicelandscape-12-0-0/object_25.html?object=32927
Legal Advisory;https://bian.org/servicelandscape-12-0-0/object_25.html?object=32993
Competitor Analysis;https://bian.org/servicelandscape-12-0-0/object_25.html?object=33057
Trust Services;https://bian.org/servicelandscape-12-0-0/object_25.html?object=33076
Financial Instrument Valuation Models;https://bian.org/servicelandscape-12-0-0/object_25.html?object=33097
Processing Order;https://bian.org/servicelandscape-12-0-0/object_25.html?object=33179
Channel Portfolio;https://bian.org/servicelandscape-12-0-0/object_25.html?object=33256
Market Information Management;https://bian.org/servicelandscape-12-0-0/object_25.html?object=33336
Servicing Issue;https://bian.org/servicelandscape-12-0-0/object_25.html?object=33504
Customer Surveys;https://bian.org/servicelandscape-12-0-0/object_25.html?object=33538
Financial Statements;https://bian.org/servicelandscape-12-0-0/object_25.html?object=33561
Internal Network Operation;https://bian.org/servicelandscape-12-0-0/object_25.html?object=33591
Term Deposit Framework Agreement;https://bian.org/servicelandscape-12-0-0/object_25.html?object=33675
Products and Services Direction;https://bian.org/servicelandscape-12-0-0/object_25.html?object=33781
Accounts Receivable;https://bian.org/servicelandscape-12-0-0/object_25.html?object=33800
Branch Currency Distribution;https://bian.org/servicelandscape-12-0-0/object_25.html?object=33904
Quant Model;https://bian.org/servicelandscape-12-0-0/object_25.html?object=33907
Interactive Help;https://bian.org/servicelandscape-12-0-0/object_25.html?object=34001
Branch Location Operations;https://bian.org/servicelandscape-12-0-0/object_25.html?object=34007
Standing Order;https://bian.org/servicelandscape-12-0-0/object_25.html?object=34129
Party Asset Directory;https://bian.org/servicelandscape-12-0-0/object_25.html?object=34169
Corporate Current Account;https://bian.org/servicelandscape-12-0-0/object_25.html?object=34221
Liquidity Risk Models;https://bian.org/servicelandscape-12-0-0/object_25.html?object=34224
Card Financial Settlement;https://bian.org/servicelandscape-12-0-0/object_25.html?object=34230
Channel Activity Analysis;https://bian.org/servicelandscape-12-0-0/object_25.html?object=34254
Discount Pricing;https://bian.org/servicelandscape-12-0-0/object_25.html?object=34416
Internal Audit;https://bian.org/servicelandscape-12-0-0/object_25.html?object=34493
Trader Position Operations;https://bian.org/servicelandscape-12-0-0/object_25.html?object=34514
Customer Workbench;https://bian.org/servicelandscape-12-0-0/object_25.html?object=34733
Market Making;https://bian.org/servicelandscape-12-0-0/object_25.html?object=34817
eBranch Management;https://bian.org/servicelandscape-12-0-0/object_25.html?object=34844
Customer Behavior Insights;https://bian.org/servicelandscape-12-0-0/object_25.html?object=34917
Market Research;https://bian.org/servicelandscape-12-0-0/object_25.html?object=34938
Product Directory;https://bian.org/servicelandscape-12-0-0/object_25.html?object=34953
Human Resources Direction;https://bian.org/servicelandscape-12-0-0/object_25.html?object=35089
Contribution Analysis;https://bian.org/servicelandscape-12-0-0/object_25.html?object=35231
Fixed Asset Register;https://bian.org/servicelandscape-12-0-0/object_25.html?object=35282
Trading Models;https://bian.org/servicelandscape-12-0-0/object_25.html?object=35328
Servicing Mandate;https://bian.org/servicelandscape-12-0-0/object_25.html?object=35374
Card Transaction Capture;https://bian.org/servicelandscape-12-0-0/object_25.html?object=35397
IT Standards And Guidelines;https://bian.org/servicelandscape-12-0-0/object_25.html?object=35425
Payment Order;https://bian.org/servicelandscape-12-0-0/object_25.html?object=35550
Financial Control;https://bian.org/servicelandscape-12-0-0/object_25.html?object=35553
Product Inventory Item Management;https://bian.org/servicelandscape-12-0-0/object_25.html?object=35580
Market Data Switch Operation;https://bian.org/servicelandscape-12-0-0/object_25.html?object=35659
Account Recovery;https://bian.org/servicelandscape-12-0-0/object_25.html?object=35767
Customer Tax Handling;https://bian.org/servicelandscape-12-0-0/object_25.html?object=35884
Branch Location Management;https://bian.org/servicelandscape-12-0-0/object_25.html?object=35932
Market Risk Models;https://bian.org/servicelandscape-12-0-0/object_25.html?object=36018
Market Analysis;https://bian.org/servicelandscape-12-0-0/object_25.html?object=36136
Market Data Switch Administration;https://bian.org/servicelandscape-12-0-0/object_25.html?object=36285
Business Risk Models;https://bian.org/servicelandscape-12-0-0/object_25.html?object=36466
Asset And Liability Management;https://bian.org/servicelandscape-12-0-0/object_25.html?object=36577
ACH Operations;https://bian.org/servicelandscape-12-0-0/object_25.html?object=36614
Product Portfolio;https://bian.org/servicelandscape-12-0-0/object_25.html?object=36619
Security Advisory;https://bian.org/servicelandscape-12-0-0/object_25.html?object=36757
Services;https://bian.org/servicelandscape-12-0-0/object_25.html?object=36789
Customer Product And Service Eligibility;https://bian.org/servicelandscape-12-0-0/object_25.html?object=36792
Card Clearing;https://bian.org/servicelandscape-12-0-0/object_25.html?object=36804
Employee Access;https://bian.org/servicelandscape-12-0-0/object_25.html?object=36898
Corporate Treasury;https://bian.org/servicelandscape-12-0-0/object_25.html?object=37090
Current Account;https://bian.org/servicelandscape-12-0-0/object_25.html?object=37122
Financial Market Analysis;https://bian.org/servicelandscape-12-0-0/object_25.html?object=37182
Position Management;https://bian.org/servicelandscape-12-0-0/object_25.html?object=37194
Leasing Item Administration;https://bian.org/servicelandscape-12-0-0/object_25.html?object=37220
Advertising;https://bian.org/servicelandscape-12-0-0/object_25.html?object=37299
Systems Help Desk;https://bian.org/servicelandscape-12-0-0/object_25.html?object=37506
Contractor and Supplier Agreement;https://bian.org/servicelandscape-12-0-0/object_25.html?object=37515
Legal Entity Directory;https://bian.org/servicelandscape-12-0-0/object_25.html?object=37530
Advanced Voice Services Operations;https://bian.org/servicelandscape-12-0-0/object_25.html?object=37680
Syndicate Management;https://bian.org/servicelandscape-12-0-0/object_25.html?object=37738
Collateral Asset Administration;https://bian.org/servicelandscape-12-0-0/object_25.html?object=37744
Investment Portfolio Analysis;https://bian.org/servicelandscape-12-0-0/object_25.html?object=37857
Employee Evaluation;https://bian.org/servicelandscape-12-0-0/object_25.html?object=37860
Sales Product Agreement;https://bian.org/servicelandscape-12-0-0/object_25.html?object=37916
Hedge Fund Administration;https://bian.org/servicelandscape-12-0-0/object_25.html?object=37932
Sales Product;https://bian.org/servicelandscape-12-0-0/object_25.html?object=37972
Organization Direction;https://bian.org/servicelandscape-12-0-0/object_25.html?object=37986
Credit Risk Operations;https://bian.org/servicelandscape-12-0-0/object_25.html?object=38214
Financial Market Research;https://bian.org/servicelandscape-12-0-0/object_25.html?object=38415
Letter of Credit;https://bian.org/servicelandscape-12-0-0/object_25.html?object=38418
Corporate Communications;https://bian.org/servicelandscape-12-0-0/object_25.html?object=38474
Suitability Checking;https://bian.org/servicelandscape-12-0-0/object_25.html?object=38647
Financial Compliance;https://bian.org/servicelandscape-12-0-0/object_25.html?object=38656
Counterparty Risk;https://bian.org/servicelandscape-12-0-0/object_25.html?object=38665
Savings Account;https://bian.org/servicelandscape-12-0-0/object_25.html?object=38858
Channel Activity History;https://bian.org/servicelandscape-12-0-0/object_25.html?object=38870
Regulatory Reporting;https://bian.org/servicelandscape-12-0-0/object_25.html?object=38933
Payment Execution;https://bian.org/servicelandscape-12-0-0/object_25.html?object=39023
IT Systems Direction;https://bian.org/servicelandscape-12-0-0/object_25.html?object=39103
Payment Instruction;https://bian.org/servicelandscape-12-0-0/object_25.html?object=39133
Gap Analysis;https://bian.org/servicelandscape-12-0-0/object_25.html?object=39139
Site Operations;https://bian.org/servicelandscape-12-0-0/object_25.html?object=39185
Compliance Reporting;https://bian.org/servicelandscape-12-0-0/object_25.html?object=39304
Unit Trust Administration;https://bian.org/servicelandscape-12-0-0/object_25.html?object=39425
Prospect Campaign Design;https://bian.org/servicelandscape-12-0-0/object_25.html?object=39556
Fraud Evaluation;https://bian.org/servicelandscape-12-0-0/object_25.html?object=39639
Branch Portfolio;https://bian.org/servicelandscape-12-0-0/object_25.html?object=39935
Customer Offer;https://bian.org/servicelandscape-12-0-0/object_25.html?object=39968
Product Training;https://bian.org/servicelandscape-12-0-0/object_25.html?object=39991
Card eCommerce Gateway;https://bian.org/servicelandscape-12-0-0/object_25.html?object=40009
Building Maintenance;https://bian.org/servicelandscape-12-0-0/object_25.html?object=40075
Payment Rail Operations;https://bian.org/servicelandscape-12-0-0/object_25.html?object=40093
Brand Management;https://bian.org/servicelandscape-12-0-0/object_25.html?object=40124
ECM And DCM;https://bian.org/servicelandscape-12-0-0/object_25.html?object=40135
Management;https://bian.org/servicelandscape-12-0-0/object_25.html?object=40174
Product Deployment;https://bian.org/servicelandscape-12-0-0/object_25.html?object=40177
Customer Campaign Execution;https://bian.org/servicelandscape-12-0-0/object_25.html?object=40236
Contact Center Management;https://bian.org/servicelandscape-12-0-0/object_25.html?object=40392
Credit Card;https://bian.org/servicelandscape-12-0-0/object_25.html?object=40448
Securities Position Keeping;https://bian.org/servicelandscape-12-0-0/object_25.html?object=40524
Trade Settlement;https://bian.org/servicelandscape-12-0-0/object_25.html?object=40555
Credit Facility;https://bian.org/servicelandscape-12-0-0/object_25.html?object=40622
Information Provider Administration;https://bian.org/servicelandscape-12-0-0/object_25.html?object=40796
Product Quality Assurance;https://bian.org/servicelandscape-12-0-0/object_25.html?object=40811
Product Broker Agreement;https://bian.org/servicelandscape-12-0-0/object_25.html?object=40829
Business Unit Accounting;https://bian.org/servicelandscape-12-0-0/object_25.html?object=40840
Employee Certification;https://bian.org/servicelandscape-12-0-0/object_25.html?object=40852
Employee Data Management;https://bian.org/servicelandscape-12-0-0/object_25.html?object=40855
Party Authentication;https://bian.org/servicelandscape-12-0-0/object_25.html?object=40912
Management;https://bian.org/servicelandscape-12-0-0/object_25.html?object=40957
Transaction Engine;https://bian.org/servicelandscape-12-0-0/object_25.html?object=41033
Fraud Model;https://bian.org/servicelandscape-12-0-0/object_25.html?object=41042
Contact Routing;https://bian.org/servicelandscape-12-0-0/object_25.html?object=41059
Corporate Relationship;https://bian.org/servicelandscape-12-0-0/object_25.html?object=41082
Reward Points Awards And Redemption;https://bian.org/servicelandscape-12-0-0/object_25.html?object=41096
Customer Position;https://bian.org/servicelandscape-12-0-0/object_25.html?object=41136
Cash Concentration;https://bian.org/servicelandscape-12-0-0/object_25.html?object=41205
Guideline Compliance;https://bian.org/servicelandscape-12-0-0/object_25.html?object=41242
Investment Account;https://bian.org/servicelandscape-12-0-0/object_25.html?object=41278
Systems Operations;https://bian.org/servicelandscape-12-0-0/object_25.html?object=41350
Sub Custodian Agreement;https://bian.org/servicelandscape-12-0-0/object_25.html?object=41356
Disbursement;https://bian.org/servicelandscape-12-0-0/object_25.html?object=41459
Merchandising Loan;https://bian.org/servicelandscape-12-0-0/object_25.html?object=41553
Customer Product and Service Directory;https://bian.org/servicelandscape-12-0-0/object_25.html?object=41591
Corporate Treasury Analysis;https://bian.org/servicelandscape-12-0-0/object_25.html?object=41635
Customer Behavior Models;https://bian.org/servicelandscape-12-0-0/object_25.html?object=41791
Enterprise Tax Administration;https://bian.org/servicelandscape-12-0-0/object_25.html?object=41825
Contact Handler;https://bian.org/servicelandscape-12-0-0/object_25.html?object=41839
Card Collections;https://bian.org/servicelandscape-12-0-0/object_25.html?object=41869
System Development;https://bian.org/servicelandscape-12-0-0/object_25.html?object=41965
Reward Points Account;https://bian.org/servicelandscape-12-0-0/object_25.html?object=41999
Customer Billing;https://bian.org/servicelandscape-12-0-0/object_25.html?object=42033
Customer Case Management;https://bian.org/servicelandscape-12-0-0/object_25.html?object=42150
Information Provider Operation;https://bian.org/servicelandscape-12-0-0/object_25.html?object=42204
ATM Network Management;https://bian.org/servicelandscape-12-0-0/object_25.html?object=42253
Product Service Agency;https://bian.org/servicelandscape-12-0-0/object_25.html?object=42294
Quote Management;https://bian.org/servicelandscape-12-0-0/object_25.html?object=42303
Financial Accounting;https://bian.org/servicelandscape-12-0-0/object_25.html?object=42346
Dealer Desk;https://bian.org/servicelandscape-12-0-0/object_25.html?object=42378
Brokered Product;https://bian.org/servicelandscape-12-0-0/object_25.html?object=42491
Corporate Loan;https://bian.org/servicelandscape-12-0-0/object_25.html?object=42505
Merchant Acquiring Facility;https://bian.org/servicelandscape-12-0-0/object_25.html?object=42530
Production Risk Models;https://bian.org/servicelandscape-12-0-0/object_25.html?object=42574
Segment Direction;https://bian.org/servicelandscape-12-0-0/object_25.html?object=42646
Card Network Participant Facility;https://bian.org/servicelandscape-12-0-0/object_25.html?object=42759
Corporate Strategy;https://bian.org/servicelandscape-12-0-0/object_25.html?object=42779
Trade Confirmation Matching;https://bian.org/servicelandscape-12-0-0/object_25.html?object=42813
Product Inventory Distribution;https://bian.org/servicelandscape-12-0-0/object_25.html?object=42907
Consumer Loan;https://bian.org/servicelandscape-12-0-0/object_25.html?object=42931
Trading Book Oversight;https://bian.org/servicelandscape-12-0-0/object_25.html?object=42958
Product Combination;https://bian.org/servicelandscape-12-0-0/object_25.html?object=43096
Customer Credit Rating;https://bian.org/servicelandscape-12-0-0/object_25.html?object=43153
Point of Service;https://bian.org/servicelandscape-12-0-0/object_25.html?object=43170
Promotional Events;https://bian.org/servicelandscape-12-0-0/object_25.html?object=43209
Business Unit Direction;https://bian.org/servicelandscape-12-0-0/object_25.html?object=43285
Commissions;https://bian.org/servicelandscape-12-0-0/object_25.html?object=43291
Customer Portfolio;https://bian.org/servicelandscape-12-0-0/object_25.html?object=43359
Intellectual Property Portfolio;https://bian.org/servicelandscape-12-0-0/object_25.html?object=43362
ATM Network Operations;https://bian.org/servicelandscape-12-0-0/object_25.html?object=43391
Financial Statement Assessment;https://bian.org/servicelandscape-12-0-0/object_25.html?object=43431
Case Root Cause Analysis;https://bian.org/servicelandscape-12-0-0/object_25.html?object=43455
Equipment Administration;https://bian.org/servicelandscape-12-0-0/object_25.html?object=43461
Project Finance;https://bian.org/servicelandscape-12-0-0/object_25.html?object=43744
Credit Management;https://bian.org/servicelandscape-12-0-0/object_25.html?object=43774
Contact Center Operations;https://bian.org/servicelandscape-12-0-0/object_25.html?object=43894
Employee Assignment;https://bian.org/servicelandscape-12-0-0/object_25.html?object=43900
Cheque Processing;https://bian.org/servicelandscape-12-0-0/object_25.html?object=43944
Employee Payroll And Incentives;https://bian.org/servicelandscape-12-0-0/object_25.html?object=43961
Product Design;https://bian.org/servicelandscape-12-0-0/object_25.html?object=44093
Customer Proposition;https://bian.org/servicelandscape-12-0-0/object_25.html?object=44191
Regulatory And Legal Authority;https://bian.org/servicelandscape-12-0-0/object_25.html?object=44219
Credit and Margin Management;https://bian.org/servicelandscape-12-0-0/object_25.html?object=44301
Trade and Price Reporting;https://bian.org/servicelandscape-12-0-0/object_25.html?object=44349
Securities Fails Processing;https://bian.org/servicelandscape-12-0-0/object_25.html?object=44402
Bank Guarantee;https://bian.org/servicelandscape-12-0-0/object_25.html?object=44405
Card Terminal Administration;https://bian.org/servicelandscape-12-0-0/object_25.html?object=44408
Consumer Advisory Services;https://bian.org/servicelandscape-12-0-0/object_25.html?object=44522
Public Offering;https://bian.org/servicelandscape-12-0-0/object_25.html?object=44552
Commission Agreement;https://bian.org/servicelandscape-12-0-0/object_25.html?object=44564
Card Authorization;https://bian.org/servicelandscape-12-0-0/object_25.html?object=44578
Underwriting;https://bian.org/servicelandscape-12-0-0/object_25.html?object=44666
Product Sales Support;https://bian.org/servicelandscape-12-0-0/object_25.html?object=44680
Document Directory;https://bian.org/servicelandscape-12-0-0/object_25.html?object=44708
Fraud Resolution;https://bian.org/servicelandscape-12-0-0/object_25.html?object=44725
Collections;https://bian.org/servicelandscape-12-0-0/object_25.html?object=44734
Product Matching;https://bian.org/servicelandscape-12-0-0/object_25.html?object=44814
Location Data Management;https://bian.org/servicelandscape-12-0-0/object_25.html?object=45002
Enterprise Architecture;https://bian.org/servicelandscape-12-0-0/object_25.html?object=45011
Bank Drafts;https://bian.org/servicelandscape-12-0-0/object_25.html?object=45168
Party Reference Data Directory;https://bian.org/servicelandscape-12-0-0/object_25.html?object=45230
Card Terminal Operation;https://bian.org/servicelandscape-12-0-0/object_25.html?object=45274
Consumer Investments;https://bian.org/servicelandscape-12-0-0/object_25.html?object=45432
Lead and Opportunity Management;https://bian.org/servicelandscape-12-0-0/object_25.html?object=45446
Cheque Lock Box;https://bian.org/servicelandscape-12-0-0/object_25.html?object=45481
Corporate Action;https://bian.org/servicelandscape-12-0-0/object_25.html?object=45490
Virtual Account;https://bian.org/servicelandscape-12-0-0/object_25.html?object=45513
Archive Services;https://bian.org/servicelandscape-12-0-0/object_25.html?object=45697
Legal Compliance;https://bian.org/servicelandscape-12-0-0/object_25.html?object=45783
Market Order;https://bian.org/servicelandscape-12-0-0/object_25.html?object=45912
Security Assurance;https://bian.org/servicelandscape-12-0-0/object_25.html?object=46014
Service Directory;https://bian.org/servicelandscape-12-0-0/object_25.html?object=46148
Customer Campaign Management;https://bian.org/servicelandscape-12-0-0/object_25.html?object=46174
Direct Debit Mandate;https://bian.org/servicelandscape-12-0-0/object_25.html?object=46204
Mutual Fund Administration;https://bian.org/servicelandscape-12-0-0/object_25.html?object=46265
Regulatory Compliance;https://bian.org/servicelandscape-12-0-0/object_25.html?object=46420
Currency Exchange;https://bian.org/servicelandscape-12-0-0/object_25.html?object=46441
Credit Risk Models;https://bian.org/servicelandscape-12-0-0/object_25.html?object=46456
Public Reference Data Management;https://bian.org/servicelandscape-12-0-0/object_25.html?object=46474
Internal Bank Account;https://bian.org/servicelandscape-12-0-0/object_25.html?object=46477
Corporate Policies;https://bian.org/servicelandscape-12-0-0/object_25.html?object=46480
Limit and Exposure Management;https://bian.org/servicelandscape-12-0-0/object_25.html?object=46631
Servicing Activity Analysis;https://bian.org/servicelandscape-12-0-0/object_25.html?object=46634
Fiduciary Agreement;https://bian.org/servicelandscape-12-0-0/object_25.html?object=46792
Corporate Trust Services;https://bian.org/servicelandscape-12-0-0/object_25.html?object=46859
Prospect Campaign Execution;https://bian.org/servicelandscape-12-0-0/object_25.html?object=47050
Special Pricing Conditions;https://bian.org/servicelandscape-12-0-0/object_25.html?object=47199
Delinquent Account Handling;https://bian.org/servicelandscape-12-0-0/object_25.html?object=47264
Customer Campaign Design;https://bian.org/servicelandscape-12-0-0/object_25.html?object=47269
Customer Case;https://bian.org/servicelandscape-12-0-0/object_25.html?object=47339
Platform Operations;https://bian.org/servicelandscape-12-0-0/object_25.html?object=47359
Market Order Execution;https://bian.org/servicelandscape-12-0-0/object_25.html?object=47408
Loan;https://bian.org/servicelandscape-12-0-0/object_25.html?object=47411
Asset Securitization;https://bian.org/servicelandscape-12-0-0/object_25.html?object=47465
Collateral Allocation Management;https://bian.org/servicelandscape-12-0-0/object_25.html?object=47470
Equipment Maintenance;https://bian.org/servicelandscape-12-0-0/object_25.html?object=47550
Customer Event History;https://bian.org/servicelandscape-12-0-0/object_25.html?object=47633
Bank Portfolio Analysis;https://bian.org/servicelandscape-12-0-0/object_25.html?object=47735
Account Reconciliation;https://bian.org/servicelandscape-12-0-0/object_25.html?object=47768
Employee and Contractor Contract;https://bian.org/servicelandscape-12-0-0/object_25.html?object=47792
Development Environment;https://bian.org/servicelandscape-12-0-0/object_25.html?object=47827
Operational Risk Models;https://bian.org/servicelandscape-12-0-0/object_25.html?object=47895
Loan Syndication;https://bian.org/servicelandscape-12-0-0/object_25.html?object=47935
Leasing;https://bian.org/servicelandscape-12-0-0/object_25.html?object=48047
Approved Supplier Directory;https://bian.org/servicelandscape-12-0-0/object_25.html?object=48150
Counterparty Administration;https://bian.org/servicelandscape-12-0-0/object_25.html?object=48219
Private Placement;https://bian.org/servicelandscape-12-0-0/object_25.html?object=48252
Session Dialogue;https://bian.org/servicelandscape-12-0-0/object_25.html?object=48273
Stock Lending and Repos;https://bian.org/servicelandscape-12-0-0/object_25.html?object=48297
Systems Administration;https://bian.org/servicelandscape-12-0-0/object_25.html?object=48356
Credit Card Position Keeping;https://bian.org/servicelandscape-12-0-0/object_25.html?object=48362
Business Unit Financial Analysis;https://bian.org/servicelandscape-12-0-0/object_25.html?object=48376
Recruitment;https://bian.org/servicelandscape-12-0-0/object_25.html?object=48519
Investment Portfolio Planning;https://bian.org/servicelandscape-12-0-0/object_25.html?object=48534
Notional Pooling;https://bian.org/servicelandscape-12-0-0/object_25.html?object=48546
Corporate Alliance and Stake Holder;https://bian.org/servicelandscape-12-0-0/object_25.html?object=48575
Correspondent Bank Directory;https://bian.org/servicelandscape-12-0-0/object_25.html?object=48674
Economic Capital;https://bian.org/servicelandscape-12-0-0/object_25.html?object=48771
Branch Network Management;https://bian.org/servicelandscape-12-0-0/object_25.html?object=48774
Transaction Authorization;https://bian.org/servicelandscape-12-0-0/object_25.html?object=48811
Branch Currency Management;https://bian.org/servicelandscape-12-0-0/object_25.html?object=48817